"id","image","price","quantity","expires_at","title","description"
"yv991","https://api.lorem.space/image/shoes?w=300&h=300&s=30079","798.00",89440,"2022-11-14","Rustic Granite Fish","The Apollotech B340 is an affordable wireless mouse with reliable connectivity 12 months battery life and modern design"
"pjh6h","https://api.lorem.space/image/shoes?w=300&h=300&s=93088","257.00",86847,"2023-07-21","Small Cotton Mouse","The automobile layout consists of a front-engine design with transaxle-type transmissions mounted at the rear of the engine and four wheel drive"
"qllo0","https://api.lorem.space/image/shoes?w=300&h=300&s=17720","345.00",58995,"2022-10-18","Practical Granite Table","The slim & simple Maple Gaming Keyboard from Dev Byte comes with a sleek body and 7- Color RGB LED Back-lighting for smart functionality"
"dxa1x","https://api.lorem.space/image/shoes?w=300&h=300&s=37258","185.00",61144,"2023-07-20","Fantastic Fresh Pants","Ergonomic executive chair upholstered in bonded black leather and PVC padded seat and back for all-day comfort and support"
"jmygd","https://api.lorem.space/image/shoes?w=300&h=300&s=78635","811.00",70369,"2023-01-24","Rustic Metal Shoes","The slim & simple Maple Gaming Keyboard from Dev Byte comes with a sleek body and 7- Color RGB LED Back-lighting for smart functionality"
"2aei9","https://api.lorem.space/image/shoes?w=300&h=300&s=4165","480.00",67743,"2023-06-14","Handcrafted Cotton Towels","The Apollotech B340 is an affordable wireless mouse with reliable connectivity 12 months battery life and modern design"
"e25ln","https://api.lorem.space/image/shoes?w=300&h=300&s=577","413.00",75232,"2023-05-22","Tasty Concrete Sausages","New ABC 13 9370 13.3 5th Gen CoreA5-8250U 8GB RAM 256GB SSD power UHD Graphics OS 10 Home OS Office A & J 2016"
"evdst","https://api.lorem.space/image/shoes?w=300&h=300&s=60017","652.00",90943,"2023-05-25","Ergonomic Metal Ball","The automobile layout consists of a front-engine design with transaxle-type transmissions mounted at the rear of the engine and four wheel drive"
"l5cop","https://api.lorem.space/image/shoes?w=300&h=300&s=40581","688.00",68886,"2022-11-04","Unbranded Soft Bacon","Carbonite web goalkeeper gloves are ergonomically designed to give easy fit"
"e821g","https://api.lorem.space/image/shoes?w=300&h=300&s=37212","493.00",65475,"2023-08-21","Handcrafted Metal Fish","Andy shoes are designed to keeping in mind durability as well as trends the most stylish range of shoes & sandals"
"7b6uu","https://api.lorem.space/image/shoes?w=300&h=300&s=84292","224.00",101099,"2022-12-13","Handcrafted Metal Chips","Carbonite web goalkeeper gloves are ergonomically designed to give easy fit"
"oeu5v","https://api.lorem.space/image/shoes?w=300&h=300&s=32277","352.00",88284,"2023-05-22","Ergonomic Cotton Salad","Carbonite web goalkeeper gloves are ergonomically designed to give easy fit"
"v8ye6","https://api.lorem.space/image/shoes?w=300&h=300&s=12108","635.00",70249,"2023-03-28","Small Concrete Salad","The Football Is Good For Training And Recreational Purposes"
"unjgx","https://api.lorem.space/image/shoes?w=300&h=300&s=62483","734.00",65128,"2022-12-18","Intelligent Concrete Soap","Boston's most advanced compression wear technology increases muscle oxygenation stabilizes active muscles"
"d8u11","https://api.lorem.space/image/shoes?w=300&h=300&s=98738","687.00",100358,"2022-10-08","Awesome Soft Bike","The automobile layout consists of a front-engine design with transaxle-type transmissions mounted at the rear of the engine and four wheel drive"
"madpc","https://api.lorem.space/image/shoes?w=300&h=300&s=24815","678.00",58924,"2023-07-04","Unbranded Frozen Chair","New ABC 13 9370 13.3 5th Gen CoreA5-8250U 8GB RAM 256GB SSD power UHD Graphics OS 10 Home OS Office A & J 2016"
"mjff4","https://api.lorem.space/image/shoes?w=300&h=300&s=9814","459.00",65258,"2022-12-07","Rustic Fresh Pants","The beautiful range of Apple Naturalé that has an exciting mix of natural ingredients. With the Goodness of 100% Natural Ingredients"
"falu3","https://api.lorem.space/image/shoes?w=300&h=300&s=8791","525.00",76193,"2023-01-23","Tasty Metal Chips","New ABC 13 9370 13.3 5th Gen CoreA5-8250U 8GB RAM 256GB SSD power UHD Graphics OS 10 Home OS Office A & J 2016"
"cn48k","https://api.lorem.space/image/shoes?w=300&h=300&s=74411","633.00",96344,"2023-04-03","Intelligent Wooden Chicken","The Nagasaki Lander is the trademarked name of several series of Nagasaki sport bikes that started with the 1984 ABC800J"
"nh414","https://api.lorem.space/image/shoes?w=300&h=300&s=49283","658.00",68307,"2022-12-16","Intelligent Concrete Car","Andy shoes are designed to keeping in mind durability as well as trends the most stylish range of shoes & sandals"
"va1a6","https://api.lorem.space/image/shoes?w=300&h=300&s=68030","144.00",98602,"2023-01-03","Licensed Concrete Tuna","The beautiful range of Apple Naturalé that has an exciting mix of natural ingredients. With the Goodness of 100% Natural Ingredients"
"3shh5","https://api.lorem.space/image/shoes?w=300&h=300&s=73812","106.00",70818,"2022-11-08","Fantastic Rubber Chair","The Football Is Good For Training And Recreational Purposes"
"ew0f8","https://api.lorem.space/image/shoes?w=300&h=300&s=90432","313.00",83332,"2023-06-25","Intelligent Wooden Car","New ABC 13 9370 13.3 5th Gen CoreA5-8250U 8GB RAM 256GB SSD power UHD Graphics OS 10 Home OS Office A & J 2016"
"25uhm","https://api.lorem.space/image/shoes?w=300&h=300&s=20205","465.00",70785,"2023-03-17","Ergonomic Frozen Towels","New ABC 13 9370 13.3 5th Gen CoreA5-8250U 8GB RAM 256GB SSD power UHD Graphics OS 10 Home OS Office A & J 2016"
"td593","https://api.lorem.space/image/shoes?w=300&h=300&s=81546","589.00",98606,"2022-11-04","Intelligent Frozen Shirt","New range of formal shirts are designed keeping you in mind. With fits and styling that will make you stand apart"
"5btgk","https://api.lorem.space/image/shoes?w=300&h=300&s=98095","913.00",96398,"2023-05-06","Refined Wooden Mouse","New range of formal shirts are designed keeping you in mind. With fits and styling that will make you stand apart"
"b7ttu","https://api.lorem.space/image/shoes?w=300&h=300&s=5880","283.00",56506,"2022-10-17","Gorgeous Frozen Computer","Ergonomic executive chair upholstered in bonded black leather and PVC padded seat and back for all-day comfort and support"
"f6ot1","https://api.lorem.space/image/shoes?w=300&h=300&s=12403","212.00",73446,"2022-11-01","Incredible Rubber Sausages","The slim & simple Maple Gaming Keyboard from Dev Byte comes with a sleek body and 7- Color RGB LED Back-lighting for smart functionality"
"io35k","https://api.lorem.space/image/shoes?w=300&h=300&s=54869","812.00",96587,"2022-11-19","Licensed Plastic Keyboard","New ABC 13 9370 13.3 5th Gen CoreA5-8250U 8GB RAM 256GB SSD power UHD Graphics OS 10 Home OS Office A & J 2016"
"1tj8e","https://api.lorem.space/image/shoes?w=300&h=300&s=77544","680.00",83073,"2023-03-20","Handcrafted Steel Table","Ergonomic executive chair upholstered in bonded black leather and PVC padded seat and back for all-day comfort and support"
"spjej","https://api.lorem.space/image/shoes?w=300&h=300&s=35878","162.00",64918,"2023-03-23","Licensed Rubber Shoes","The automobile layout consists of a front-engine design with transaxle-type transmissions mounted at the rear of the engine and four wheel drive"
"qyfrs","https://api.lorem.space/image/shoes?w=300&h=300&s=85068","745.00",87816,"2023-07-08","Licensed Cotton Tuna","The Football Is Good For Training And Recreational Purposes"
"khg9q","https://api.lorem.space/image/shoes?w=300&h=300&s=76311","767.00",87545,"2023-04-17","Rustic Soft Shirt","The slim & simple Maple Gaming Keyboard from Dev Byte comes with a sleek body and 7- Color RGB LED Back-lighting for smart functionality"
"fnphp","https://api.lorem.space/image/shoes?w=300&h=300&s=37035","274.00",90407,"2023-05-13","Sleek Fresh Gloves","The beautiful range of Apple Naturalé that has an exciting mix of natural ingredients. With the Goodness of 100% Natural Ingredients"
"dmer0","https://api.lorem.space/image/shoes?w=300&h=300&s=21974","541.00",91516,"2023-04-10","Sleek Soft Soap","The slim & simple Maple Gaming Keyboard from Dev Byte comes with a sleek body and 7- Color RGB LED Back-lighting for smart functionality"
"dl0qo","https://api.lorem.space/image/shoes?w=300&h=300&s=90794","598.00",71250,"2023-02-05","Unbranded Concrete Chair","The Apollotech B340 is an affordable wireless mouse with reliable connectivity 12 months battery life and modern design"
"mk6uv","https://api.lorem.space/image/shoes?w=300&h=300&s=41028","446.00",80132,"2023-07-11","Intelligent Metal Cheese","Boston's most advanced compression wear technology increases muscle oxygenation stabilizes active muscles"
"11sks","https://api.lorem.space/image/shoes?w=300&h=300&s=94833","414.00",94242,"2023-07-31","Rustic Concrete Shoes","Carbonite web goalkeeper gloves are ergonomically designed to give easy fit"
"b8o68","https://api.lorem.space/image/shoes?w=300&h=300&s=83788","606.00",77622,"2022-10-30","Practical Fresh Salad","Andy shoes are designed to keeping in mind durability as well as trends the most stylish range of shoes & sandals"
"642y9","https://api.lorem.space/image/shoes?w=300&h=300&s=862","637.00",72478,"2022-10-14","Gorgeous Soft Bike","New ABC 13 9370 13.3 5th Gen CoreA5-8250U 8GB RAM 256GB SSD power UHD Graphics OS 10 Home OS Office A & J 2016"
"7vg5w","https://api.lorem.space/image/shoes?w=300&h=300&s=34940","835.00",76228,"2022-10-24","Licensed Fresh Pizza","Andy shoes are designed to keeping in mind durability as well as trends the most stylish range of shoes & sandals"
"6ps1m","https://api.lorem.space/image/shoes?w=300&h=300&s=66428","112.00",70305,"2022-11-19","Incredible Granite Chips","The Nagasaki Lander is the trademarked name of several series of Nagasaki sport bikes that started with the 1984 ABC800J"
"cfzm3","https://api.lorem.space/image/shoes?w=300&h=300&s=28933","722.00",95288,"2023-05-30","Intelligent Steel Towels","The beautiful range of Apple Naturalé that has an exciting mix of natural ingredients. With the Goodness of 100% Natural Ingredients"
"zwqua","https://api.lorem.space/image/shoes?w=300&h=300&s=86798","718.00",94611,"2022-11-27","Sleek Rubber Chair","Ergonomic executive chair upholstered in bonded black leather and PVC padded seat and back for all-day comfort and support"
"5lr8o","https://api.lorem.space/image/shoes?w=300&h=300&s=99868","962.00",90951,"2022-10-18","Gorgeous Concrete Table","The Apollotech B340 is an affordable wireless mouse with reliable connectivity 12 months battery life and modern design"
"z6hu3","https://api.lorem.space/image/shoes?w=300&h=300&s=96370","685.00",84850,"2022-11-22","Ergonomic Soft Pants","Carbonite web goalkeeper gloves are ergonomically designed to give easy fit"
"8fop7","https://api.lorem.space/image/shoes?w=300&h=300&s=35179","818.00",93292,"2022-10-18","Handcrafted Plastic Bike","New range of formal shirts are designed keeping you in mind. With fits and styling that will make you stand apart"
"ijkf1","https://api.lorem.space/image/shoes?w=300&h=300&s=35907","912.00",67586,"2023-04-28","Intelligent Cotton Shirt","The beautiful range of Apple Naturalé that has an exciting mix of natural ingredients. With the Goodness of 100% Natural Ingredients"
"p5lms","https://api.lorem.space/image/shoes?w=300&h=300&s=75077","427.00",78301,"2022-10-28","Rustic Granite Chair","New ABC 13 9370 13.3 5th Gen CoreA5-8250U 8GB RAM 256GB SSD power UHD Graphics OS 10 Home OS Office A & J 2016"
"jk2he","https://api.lorem.space/image/shoes?w=300&h=300&s=29158","82.00",62708,"2023-08-25","Rustic Metal Shirt","The Apollotech B340 is an affordable wireless mouse with reliable connectivity 12 months battery life and modern design"
"37vp9","https://api.lorem.space/image/shoes?w=300&h=300&s=93544","982.00",77478,"2022-12-16","Intelligent Soft Chips","Ergonomic executive chair upholstered in bonded black leather and PVC padded seat and back for all-day comfort and support"
"q3dt7","https://api.lorem.space/image/shoes?w=300&h=300&s=31041","458.00",96072,"2022-10-13","Tasty Steel Bike","Ergonomic executive chair upholstered in bonded black leather and PVC padded seat and back for all-day comfort and support"
"p8c4p","https://api.lorem.space/image/shoes?w=300&h=300&s=63331","202.00",53728,"2023-07-17","Awesome Steel Pizza","The automobile layout consists of a front-engine design with transaxle-type transmissions mounted at the rear of the engine and four wheel drive"
"sg2we","https://api.lorem.space/image/shoes?w=300&h=300&s=60567","172.00",72848,"2022-10-23","Ergonomic Rubber Pants","The Football Is Good For Training And Recreational Purposes"
"sgqmk","https://api.lorem.space/image/shoes?w=300&h=300&s=31021","346.00",59755,"2023-09-12","Incredible Plastic Shoes","New range of formal shirts are designed keeping you in mind. With fits and styling that will make you stand apart"
"ehovr","https://api.lorem.space/image/shoes?w=300&h=300&s=75388","988.00",53844,"2023-07-22","Handmade Soft Pants","The beautiful range of Apple Naturalé that has an exciting mix of natural ingredients. With the Goodness of 100% Natural Ingredients"
"rs1i8","https://api.lorem.space/image/shoes?w=300&h=300&s=46121","441.00",75771,"2023-04-07","Ergonomic Granite Cheese","The beautiful range of Apple Naturalé that has an exciting mix of natural ingredients. With the Goodness of 100% Natural Ingredients"
"mbn7q","https://api.lorem.space/image/shoes?w=300&h=300&s=90363","569.00",68442,"2023-03-07","Awesome Rubber Pizza","Andy shoes are designed to keeping in mind durability as well as trends the most stylish range of shoes & sandals"
"3qeec","https://api.lorem.space/image/shoes?w=300&h=300&s=96236","237.00",84512,"2023-08-04","Refined Steel Mouse","The Apollotech B340 is an affordable wireless mouse with reliable connectivity 12 months battery life and modern design"
"pllcy","https://api.lorem.space/image/shoes?w=300&h=300&s=11846","254.00",54058,"2023-06-06","Ergonomic Metal Table","New range of formal shirts are designed keeping you in mind. With fits and styling that will make you stand apart"
"8ppkn","https://api.lorem.space/image/shoes?w=300&h=300&s=58996","766.00",52870,"2022-11-23","Small Rubber Pants","Ergonomic executive chair upholstered in bonded black leather and PVC padded seat and back for all-day comfort and support"
"82gke","https://api.lorem.space/image/shoes?w=300&h=300&s=92478","334.00",89878,"2023-07-04","Unbranded Steel Gloves","Carbonite web goalkeeper gloves are ergonomically designed to give easy fit"
"ay7ml","https://api.lorem.space/image/shoes?w=300&h=300&s=78899","494.00",95286,"2023-05-05","Ergonomic Cotton Soap","The automobile layout consists of a front-engine design with transaxle-type transmissions mounted at the rear of the engine and four wheel drive"
"09sdp","https://api.lorem.space/image/shoes?w=300&h=300&s=4717","829.00",80482,"2022-11-11","Sleek Cotton Bike","Ergonomic executive chair upholstered in bonded black leather and PVC padded seat and back for all-day comfort and support"
"3e77c","https://api.lorem.space/image/shoes?w=300&h=300&s=31991","765.00",59840,"2023-07-21","Handmade Concrete Chips","New ABC 13 9370 13.3 5th Gen CoreA5-8250U 8GB RAM 256GB SSD power UHD Graphics OS 10 Home OS Office A & J 2016"
"oiqa4","https://api.lorem.space/image/shoes?w=300&h=300&s=72819","180.00",67058,"2023-06-15","Unbranded Fresh Chair","The Football Is Good For Training And Recreational Purposes"
"nd0ap","https://api.lorem.space/image/shoes?w=300&h=300&s=29046","460.00",57697,"2023-07-06","Small Rubber Computer","Carbonite web goalkeeper gloves are ergonomically designed to give easy fit"
"tu49q","https://api.lorem.space/image/shoes?w=300&h=300&s=97988","309.00",75007,"2023-03-23","Fantastic Cotton Tuna","Ergonomic executive chair upholstered in bonded black leather and PVC padded seat and back for all-day comfort and support"
"azu75","https://api.lorem.space/image/shoes?w=300&h=300&s=74439","404.00",62797,"2022-12-28","Fantastic Fresh Hat","The Apollotech B340 is an affordable wireless mouse with reliable connectivity 12 months battery life and modern design"
"wpt48","https://api.lorem.space/image/shoes?w=300&h=300&s=68148","477.00",89782,"2022-10-16","Ergonomic Rubber Chair","Andy shoes are designed to keeping in mind durability as well as trends the most stylish range of shoes & sandals"
"044ni","https://api.lorem.space/image/shoes?w=300&h=300&s=95268","793.00",55331,"2022-10-19","Intelligent Frozen Sausages","The beautiful range of Apple Naturalé that has an exciting mix of natural ingredients. With the Goodness of 100% Natural Ingredients"
"06s38","https://api.lorem.space/image/shoes?w=300&h=300&s=69388","312.00",71273,"2022-12-12","Small Frozen Gloves","The slim & simple Maple Gaming Keyboard from Dev Byte comes with a sleek body and 7- Color RGB LED Back-lighting for smart functionality"
"zo3k0","https://api.lorem.space/image/shoes?w=300&h=300&s=74597","216.00",87193,"2023-01-11","Tasty Soft Table","The automobile layout consists of a front-engine design with transaxle-type transmissions mounted at the rear of the engine and four wheel drive"
"kg22z","https://api.lorem.space/image/shoes?w=300&h=300&s=17524","195.00",63416,"2023-07-27","Practical Wooden Sausages","Carbonite web goalkeeper gloves are ergonomically designed to give easy fit"
"a03rj","https://api.lorem.space/image/shoes?w=300&h=300&s=29099","358.00",75591,"2023-06-15","Handmade Plastic Pizza","Carbonite web goalkeeper gloves are ergonomically designed to give easy fit"
"fhntl","https://api.lorem.space/image/shoes?w=300&h=300&s=42497","596.00",89423,"2022-11-15","Handcrafted Granite Ball","Andy shoes are designed to keeping in mind durability as well as trends the most stylish range of shoes & sandals"
"7ki55","https://api.lorem.space/image/shoes?w=300&h=300&s=82465","653.00",73726,"2023-08-02","Gorgeous Granite Shirt","Ergonomic executive chair upholstered in bonded black leather and PVC padded seat and back for all-day comfort and support"
"do9wu","https://api.lorem.space/image/shoes?w=300&h=300&s=40482","425.00",50952,"2023-05-18","Unbranded Concrete Shirt","The Apollotech B340 is an affordable wireless mouse with reliable connectivity 12 months battery life and modern design"
"wnly3","https://api.lorem.space/image/shoes?w=300&h=300&s=47055","176.00",79051,"2023-08-30","Handcrafted Concrete Computer","Ergonomic executive chair upholstered in bonded black leather and PVC padded seat and back for all-day comfort and support"
"ujkfa","https://api.lorem.space/image/shoes?w=300&h=300&s=89559","79.00",96049,"2023-06-08","Unbranded Fresh Towels","New range of formal shirts are designed keeping you in mind. With fits and styling that will make you stand apart"
"kx5rp","https://api.lorem.space/image/shoes?w=300&h=300&s=55265","259.00",64625,"2023-03-23","Generic Steel Bike","New range of formal shirts are designed keeping you in mind. With fits and styling that will make you stand apart"
"wivf4","https://api.lorem.space/image/shoes?w=300&h=300&s=98035","932.00",70242,"2023-01-01","Intelligent Concrete Keyboard","Andy shoes are designed to keeping in mind durability as well as trends the most stylish range of shoes & sandals"
"sh8gi","https://api.lorem.space/image/shoes?w=300&h=300&s=73690","667.00",74333,"2023-04-03","Licensed Rubber Computer","The Apollotech B340 is an affordable wireless mouse with reliable connectivity 12 months battery life and modern design"
"e2pmp","https://api.lorem.space/image/shoes?w=300&h=300&s=96488","88.00",79981,"2022-12-30","Generic Plastic Chair","Boston's most advanced compression wear technology increases muscle oxygenation stabilizes active muscles"
"ld9ss","https://api.lorem.space/image/shoes?w=300&h=300&s=68870","826.00",94081,"2023-09-11","Rustic Fresh Tuna","The Apollotech B340 is an affordable wireless mouse with reliable connectivity 12 months battery life and modern design"
"ysedo","https://api.lorem.space/image/shoes?w=300&h=300&s=77098","38.00",89629,"2023-02-21","Small Metal Pizza","Carbonite web goalkeeper gloves are ergonomically designed to give easy fit"
"6rbv7","https://api.lorem.space/image/shoes?w=300&h=300&s=11697","322.00",78393,"2023-07-17","Ergonomic Frozen Keyboard","Carbonite web goalkeeper gloves are ergonomically designed to give easy fit"
"31pqm","https://api.lorem.space/image/shoes?w=300&h=300&s=8653","208.00",75304,"2023-03-10","Fantastic Soft Chicken","The Apollotech B340 is an affordable wireless mouse with reliable connectivity 12 months battery life and modern design"
"n9ydb","https://api.lorem.space/image/shoes?w=300&h=300&s=37428","971.00",86937,"2023-04-21","Refined Wooden Salad","The Football Is Good For Training And Recreational Purposes"
"5qghl","https://api.lorem.space/image/shoes?w=300&h=300&s=8563","886.00",51535,"2023-07-22","Gorgeous Plastic Bacon","The Football Is Good For Training And Recreational Purposes"
"xwgjz","https://api.lorem.space/image/shoes?w=300&h=300&s=70175","539.00",70856,"2023-07-10","Generic Granite Gloves","The beautiful range of Apple Naturalé that has an exciting mix of natural ingredients. With the Goodness of 100% Natural Ingredients"
"ta60j","https://api.lorem.space/image/shoes?w=300&h=300&s=36461","795.00",78119,"2022-11-30","Awesome Frozen Chips","The slim & simple Maple Gaming Keyboard from Dev Byte comes with a sleek body and 7- Color RGB LED Back-lighting for smart functionality"
"bc0kf","https://api.lorem.space/image/shoes?w=300&h=300&s=22532","572.00",75274,"2023-03-26","Practical Wooden Chair","Carbonite web goalkeeper gloves are ergonomically designed to give easy fit"
"o6427","https://api.lorem.space/image/shoes?w=300&h=300&s=27034","471.00",87958,"2022-12-03","Small Soft Salad","Carbonite web goalkeeper gloves are ergonomically designed to give easy fit"
"5i615","https://api.lorem.space/image/shoes?w=300&h=300&s=99311","758.00",94098,"2023-04-27","Small Granite Table","The Nagasaki Lander is the trademarked name of several series of Nagasaki sport bikes that started with the 1984 ABC800J"
"5wnq3","https://api.lorem.space/image/shoes?w=300&h=300&s=71757","588.00",70975,"2023-06-10","Refined Frozen Chips","Carbonite web goalkeeper gloves are ergonomically designed to give easy fit"
"c22n7","https://api.lorem.space/image/shoes?w=300&h=300&s=3488","383.00",57844,"2023-01-01","Ergonomic Metal Chair","The automobile layout consists of a front-engine design with transaxle-type transmissions mounted at the rear of the engine and four wheel drive"
"c9l5v","https://api.lorem.space/image/shoes?w=300&h=300&s=65535","306.00",74577,"2022-12-19","Sleek Wooden Chips","The Football Is Good For Training And Recreational Purposes"
"mqujp","https://api.lorem.space/image/shoes?w=300&h=300&s=31437","143.00",99537,"2023-04-12","Ergonomic Granite Tuna","The beautiful range of Apple Naturalé that has an exciting mix of natural ingredients. With the Goodness of 100% Natural Ingredients"
"cw948","https://api.lorem.space/image/shoes?w=300&h=300&s=56114","90.00",98672,"2023-02-14","Fantastic Cotton Car","The Football Is Good For Training And Recreational Purposes"