"id","name","email","username","job","phone"
"6oj2g","Eloy Hodkiewicz","Lavinia82@hotmail.com","Rhea.Leuschke","District Markets Consultant","(328) 230-5629 x714"
"09xy5","Cordelia Ratke","Ariel_Rodriguez42@yahoo.com","Izabella_Daniel","Lead Division Supervisor","301-488-2320"
"qon4x","Marilie Boyer","Esmeralda.Aufderhar79@gmail.com","Keanu_Greenfelder","Senior Operations Analyst","740-723-2739 x0828"
"jq0jk","Fredy Cassin","Julien.Conn75@hotmail.com","Eleanore.Klocko","International Program Producer","586-619-1595 x248"
"03b63","Edyth Conroy","Gisselle.Konopelski@yahoo.com","Fabiola.Grimes77","Chief Solutions Architect","837-890-2256 x8736"
"1f8ma","Rhett Mayert","Jaida_Hintz52@gmail.com","Bailey_Cruickshank","Central Applications Executive","1-518-269-6721 x8455"
"7oe0c","Robb Walker","Tyrique.King73@yahoo.com","Curt71","Human Data Assistant","1-378-742-5169 x779"
"zumqz","Rosalia Connelly","Shannon.Barton@yahoo.com","Vilma.Wiegand34","Central Metrics Officer","1-827-343-1867 x583"
"gqn5t","Amira Treutel","Russ.Wolf57@yahoo.com","Rhianna_Bechtelar69","Central Functionality Strategist","587-486-2713 x212"
"ahr03","Juvenal Smith","Rickie.Kreiger@gmail.com","Ellis22","Dynamic Identity Agent","451-299-9104"
"p04m8","Brannon Rosenbaum","Kaycee_Paucek73@yahoo.com","Natalie_Fritsch","Regional Assurance Facilitator","1-480-883-8454"
"0cfhl","Ray Hackett","Collin10@hotmail.com","Euna_Walter","National Applications Orchestrator","1-297-747-4264"
"ul19c","Loraine Bashirian","Aron.Wuckert@yahoo.com","Jeanne81","Global Communications Assistant","(939) 383-0431 x1805"
"hlp5t","Monica Welch","Nikolas_Schoen@hotmail.com","Wilfred79","Investor Functionality Director","1-279-513-4956 x61939"
"6sfu9","Gabrielle Doyle","Enos88@hotmail.com","Green_Willms31","Senior Intranet Coordinator","872-834-5147 x694"
"1zix1","Jeanie Hermann","Giles_Schumm12@hotmail.com","Abbigail.Prosacco76","Central Solutions Architect","1-504-804-3654 x9198"
"4bfop","Tania Little","Craig.Hegmann@yahoo.com","Gustave_Barrows","Forward Usability Administrator","919-207-6798 x5388"
"usdy8","Demarco Towne","Adrianna43@hotmail.com","Ernestine.Pagac","Human Infrastructure Consultant","296-962-3676 x43476"
"cnxqf","Julien McLaughlin","Linnie_Runolfsdottir@hotmail.com","Mireille.Cole68","Principal Intranet Orchestrator","(475) 582-8741"
"56kex","Devante Cruickshank","Osvaldo.Sauer18@hotmail.com","Stephan_OConnell22","Legacy Solutions Strategist","(856) 541-1887 x141"
"2xl84","Amelie Cruickshank","Aleen.Abernathy83@gmail.com","Thalia26","Principal Brand Architect","1-435-823-3171 x29124"
"hsm3j","Beulah Ruecker","Marietta_Gibson62@gmail.com","Xavier_Kertzmann","Future Optimization Coordinator","1-658-693-5980"
"oo7oi","Craig Stroman","Rudolph_Rice35@yahoo.com","Jessika.Bins","Regional Marketing Producer","513-464-7835"
"ro6jo","Angus Ritchie","Jaylen_Jast88@yahoo.com","Jannie95","Human Group Supervisor","(577) 396-6125"
"5s3q8","Claudine Ankunding","Eloy_Shields@gmail.com","Hope_Schneider","National Communications Manager","1-271-660-6028"
"ztgkp","Pinkie Gulgowski","Adolfo.Leffler94@hotmail.com","Shaina7","Future Factors Analyst","(500) 213-0596 x3103"
"g0vmx","Mozelle Schmidt","Jaclyn.Ebert@hotmail.com","Maximillia_Wuckert","Central Identity Technician","467-383-6974 x4245"
"rnm9g","Steve Lebsack","Lucinda70@gmail.com","Delbert.Satterfield34","National Optimization Specialist","716.716.8786 x11780"
"lhgoe","Daniella Grady","Wilmer_Metz39@gmail.com","Korey.Mante39","Dynamic Assurance Administrator","723.223.3855 x901"
"4ikee","Lola Crona","Jackeline_Haag@yahoo.com","Celine_Schneider","National Metrics Assistant","202-305-5913 x4536"
"ny2az","Fermin Jenkins","Broderick.Runte75@gmail.com","Orrin90","Customer Data Facilitator","760.946.5555"
"uga6f","Murl Auer","Vilma64@yahoo.com","Karl.Satterfield30","Lead Data Designer","440.506.2055 x802"
"i18ju","Isaac Lakin","Orlando_Lueilwitz50@hotmail.com","Dallin_Botsford","Direct Usability Designer","(698) 450-3273 x8227"
"f9s32","Jordyn Tillman","Janelle.Gleason21@yahoo.com","Hertha_Adams82","District Intranet Developer","(307) 709-9399 x25102"
"8gw23","Lily Halvorson","Winnifred.Cole90@gmail.com","Bailey.Cormier","Global Tactics Facilitator","(862) 339-3184 x61681"
"rnq64","Dolly Sawayn","Adolf.Parker14@hotmail.com","Julius.Beatty35","Senior Metrics Analyst","517.310.7031 x3730"
"yxtwl","Joel Stracke","Noah.Pfannerstill@hotmail.com","Oran_Kuvalis30","International Marketing Agent","972.884.7537 x063"
"dp9b8","Hunter Gulgowski","Betty86@yahoo.com","Jadyn.Schaden","Direct Functionality Producer","1-598-580-2965"
"9f2um","Kyler Ledner","Larissa_Wuckert@hotmail.com","Augustine16","Dynamic Infrastructure Assistant","1-273-816-0483"
"71soy","Elva Runolfsdottir","Cathryn91@hotmail.com","Victor73","National Web Specialist","701-671-6485"
"ledo1","Micah Willms","Percival.Dicki@hotmail.com","Sallie.Kertzmann6","Human Security Liaison","1-647-464-3645"
"f300b","Paris Hoeger","Remington77@yahoo.com","Lula.Gleason","Dynamic Directives Manager","669.950.4812"
"u28c8","Willard Osinski","Dana.Casper@yahoo.com","Jason.Yundt16","Corporate Optimization Designer","1-343-824-9434 x49271"
"hy8si","Gabriel DuBuque","Donna_Adams23@hotmail.com","Clara74","Global Marketing Facilitator","1-297-486-0210"
"v3nu1","Gilda Beer","Rubye.Reinger90@hotmail.com","Jaleel37","Dynamic Integration Administrator","852.885.1578 x7645"
"d9q30","Ethel Cartwright","Allie.Cruickshank@gmail.com","Kallie.King","Product Integration Officer","581.877.9916"
"pjgon","Cecile Predovic","Christ23@gmail.com","Roderick.Grimes21","Customer Intranet Officer","1-345-767-0601 x762"
"5fxoe","Darrion Willms","Ona75@yahoo.com","Theresa_Schultz49","Investor Implementation Supervisor","399.392.7549"
"uxs54","Amber Bradtke","Tessie_Legros60@hotmail.com","Jayne_Bergnaum","Dynamic Quality Specialist","628-437-0480 x0728"
"h1wd4","Ursula Daugherty","Selmer_Kuhn81@yahoo.com","Dora_Price","Customer Response Facilitator","(907) 692-7874 x450"
"smgfl","Iliana Emard","Mina9@yahoo.com","Fred.Kutch87","Senior Web Planner","752-276-4736 x82655"
"96mpi","Makayla Klein","Stanford_Hermann@gmail.com","Jessie.Nader","Central Accounts Agent","798.257.7695 x70272"
"rc9l8","Cindy Wehner","Sharon97@hotmail.com","Chelsey.Streich70","Investor Branding Liaison","996-444-9916"
"pppb7","Milo Corkery","Madison_Beahan@yahoo.com","Elroy_Cole77","Direct Metrics Director","1-235-461-7381 x952"
"di0g8","Greyson Rosenbaum","Janice.Gerlach@yahoo.com","Mohammed11","Dynamic Tactics Orchestrator","(761) 564-8728 x918"
"zvmx6","Nathan Schuppe","Owen_Homenick@gmail.com","Angela41","Legacy Quality Technician","1-442-501-6121 x582"
"3xe35","Margret Dach","Orpha48@gmail.com","Angie_Thiel","Customer Configuration Producer","849-814-3927"
"c0t0r","Jeramy Strosin","Dalton.Sawayn14@gmail.com","Linnie.Barrows","Global Metrics Manager","501-717-1379 x97334"
"7glsx","Alvera Tremblay","Rodrigo_Boyle@yahoo.com","Noe_Littel","Dynamic Interactions Technician","1-306-690-3433 x09698"
"o76j3","Nathaniel Nikolaus","Karlie.Williamson@gmail.com","Isai80","National Security Engineer","1-538-618-0044 x54374"
"ncu43","Bradley Okuneva","Hailey.Hansen@yahoo.com","Linnie.Kuhic","Legacy Group Representative","1-883-408-7896"
"iq35x","Lura Steuber","Shaniya_Walker@hotmail.com","Willie58","Lead Integration Coordinator","1-629-705-4739 x43855"
"up0xe","Shaina Jenkins","Mallory_Robel@hotmail.com","Maurine.Senger8","Corporate Factors Specialist","833.874.3770 x90933"
"duztg","Caesar Emmerich","Jo_Rodriguez@gmail.com","Osvaldo77","Dynamic Creative Technician","1-955-807-4557"
"094kk","Adan Marvin","Andre78@gmail.com","Sydnee.Berge","Lead Interactions Associate","535.467.2815 x08063"
"nnjo8","Catharine Anderson","Hyman.Mann@hotmail.com","Barton.Breitenberg70","Product Usability Officer","802.553.4822"
"d121j","Ethyl Marvin","Enrique_Wintheiser@gmail.com","Jonathon99","Lead Configuration Engineer","583-836-3118"
"auxpf","Quentin Bashirian","Isabella10@gmail.com","Ova_Ward","Legacy Division Engineer","(357) 341-8462"
"wbzk0","Shanon Flatley","Wilfrid.Luettgen31@hotmail.com","Evie50","Product Factors Director","363.462.5468 x36011"
"6uij5","Felix Littel","Graham.Wisoky@hotmail.com","Augustus94","Direct Quality Supervisor","859-537-1811 x0707"
"5lwan","Nia McDermott","Gilberto.Hane@gmail.com","Orpha40","Global Identity Architect","612-214-8333 x28523"
"170wt","Rodolfo Hyatt","Ciara_Ernser10@gmail.com","Zackary_Block85","Legacy Integration Analyst","(618) 596-5547"
"k1zi4","Adolph Greenholt","Florian_Lockman73@yahoo.com","Tiffany.Funk91","Lead Mobility Assistant","(690) 758-9804 x1164"
"yvdpi","Emily Raynor","Ozella81@gmail.com","Wyatt44","Chief Web Engineer","498-541-2391 x45350"
"c25tg","Emelie Gottlieb","Antwon.Wyman10@gmail.com","Lavada_Homenick","Central Solutions Manager","551.687.2897 x95897"
"8d4qa","Melisa Klein","Henri98@hotmail.com","Cruz11","Dynamic Interactions Facilitator","1-736-859-1475"
"nbdqq","Regan Stehr","Keara12@yahoo.com","Ivah_Okuneva","Product Group Manager","(236) 514-7764 x06280"
"fc2wj","Kade Turner","Frida41@hotmail.com","Morgan56","Corporate Web Consultant","385.615.8978"
"7x8ze","Vicky Collins","Andy6@hotmail.com","Terrell_Mohr","Legacy Paradigm Producer","(841) 723-7173"
"02bgs","Valentine Hane","Buddy.Legros68@hotmail.com","Max62","Corporate Solutions Supervisor","548-294-0730 x2232"
"01flw","Sylvan Koelpin","Jackie39@yahoo.com","Alexandria35","Corporate Factors Analyst","927-620-7634 x1246"
"t0ywr","Antwon Berge","Maia69@gmail.com","Golda63","Human Identity Assistant","269-533-6568"
"vyteh","Loyce Powlowski","Tremayne_Schinner@gmail.com","Lillie.Fritsch","Regional Communications Consultant","(781) 487-7010 x49886"
"przjg","Vincent Von","Antonio.Mueller28@hotmail.com","Donnie.Kutch12","Forward Response Manager","870-382-8452"
"2nbq2","Norbert Kuvalis","Jordy_Bayer56@hotmail.com","Selmer4","Human Quality Facilitator","385.407.5407 x756"
"kt1oc","Tierra Sanford","Antonetta_Trantow@yahoo.com","Stone.Luettgen","Legacy Directives Planner","1-999-589-5533 x494"
"pddzv","Bill Donnelly","Tracey11@hotmail.com","Wendell59","District Assurance Assistant","896.666.0914 x396"
"rpms5","Nannie Kilback","Ottilie.Volkman60@yahoo.com","Delmer_Block29","Principal Infrastructure Orchestrator","290-507-4149"
"ld1q7","Beryl Bayer","Abe.Quitzon24@gmail.com","Danial_Lowe","Corporate Group Liaison","1-623-619-8350 x5312"
"rf3hi","Alexie Parisian","Lura_Lindgren@yahoo.com","Stefanie.Daugherty","Legacy Data Administrator","325-295-1323"
"i4jpo","Reta Hand","Jeffry51@yahoo.com","Jessy.Gerhold2","National Integration Manager","1-200-777-6711 x195"
"y5kz8","Karl Watsica","Selena_Kuhic@gmail.com","Burley74","Legacy Optimization Analyst","559-528-7795 x1099"
"4d7q4","Fernando Swaniawski","Martin_Moore@yahoo.com","Ebony_Legros","Regional Usability Director","1-212-203-2253 x58755"
"ftcj5","Zoila Mueller","Darryl52@hotmail.com","Bobby8","Dynamic Creative Engineer","630.933.6806 x82905"
"u2r9x","Lisa Stokes","Leonardo.Upton82@yahoo.com","Esther77","Dynamic Accountability Orchestrator","1-476-319-6105"
"xvpt2","Garrett Runte","Raul0@hotmail.com","Alfonso_Schaden","Product Solutions Manager","638.827.5310 x48621"
"sm21s","Tierra Hettinger","Pink_Cummerata@hotmail.com","Julie_Johnson","Legacy Markets Consultant","456.302.6741 x5826"
"yftwa","Hettie Wuckert","Jody_Lowe@hotmail.com","Carli_Koelpin","Central Intranet Planner","228.587.8827"
"rlmjm","Loraine Konopelski","Wanda_Johns38@hotmail.com","Dino35","National Implementation Strategist","(432) 581-4517"
"zxuet","Garrett Williamson","Dakota41@gmail.com","Anibal.Sipes","Senior Intranet Supervisor","624-513-6453 x8241"
"rjw0j","Era Huels","Susan19@hotmail.com","Waino26","Dynamic Interactions Analyst","(742) 951-3888"
"p82vh","Tremayne Leuschke","Lou.Bartoletti@gmail.com","Lennie.Upton16","Principal Branding Associate","334.405.9683"
"dp54f","Russell Brekke","Hilario.Adams61@yahoo.com","Brigitte44","Dynamic Quality Officer","(501) 688-0717 x607"
"0pip8","Nona Pollich","Janick.Rohan@hotmail.com","Waldo10","Central Brand Liaison","1-936-772-2054"
"fidc7","Bernice Streich","Kobe_Bailey85@gmail.com","Josiane8","Regional Assurance Analyst","1-395-625-5635 x37477"
"6888u","Harrison Cummerata","Diego_Hodkiewicz84@hotmail.com","Morton.Fahey","Chief Group Liaison","960.890.2595 x0606"
"rbjkw","Herman Dickens","Dan.Crona52@hotmail.com","Daren27","Dynamic Marketing Orchestrator","999.434.5899"
"nwahw","Cordia Connelly","Daron_Friesen@hotmail.com","Ollie11","Product Program Specialist","208-423-0180"
"mxnku","Gabriella Kessler","Osvaldo48@gmail.com","Camilla_King58","Regional Branding Associate","604-345-9601 x238"
"cctky","Cathy Homenick","Ali3@hotmail.com","Salma71","Product Factors Designer","(629) 999-5592 x94252"
"sh3zb","Tianna Lubowitz","Nellie.Oberbrunner@yahoo.com","Julius.Wolff26","National Solutions Analyst","550-496-5558"
"7ths5","Nicholas Kshlerin","Rylan_Veum@yahoo.com","Effie_Bartell9","Customer Creative Consultant","(497) 248-6418"
"56uq0","Reva Lockman","Archibald_Lang@yahoo.com","Ezequiel29","Legacy Factors Producer","1-930-455-2832"
"0e1qg","Kory Cronin","Joana.Fay@gmail.com","Lynn.Corkery24","Chief Response Associate","(514) 387-6948"
"ygpgj","Anthony Weber","Nadia.Olson@hotmail.com","Desmond_Terry1","International Branding Director","(256) 927-7055 x628"
"nwiiv","Shanna Schultz","Juliana47@gmail.com","Guadalupe_Reynolds","Legacy Quality Developer","1-383-312-4345 x429"
"x1dq6","Vida Corkery","Novella_Wilderman21@gmail.com","Melissa71","Principal Usability Producer","528-312-8596 x0396"
"w3lov","Miguel Morar","Tania.Brakus@gmail.com","Princess_Bode10","Direct Program Orchestrator","868-553-3205 x00348"
"448h9","Pete Sanford","Nigel41@gmail.com","Kenneth.Block42","Human Directives Facilitator","702.379.4491 x9516"
"uv931","Maureen Barton","Trenton71@gmail.com","Zachary_Zemlak","Global Accountability Officer","(256) 311-1129 x14653"
"qb8ty","Rafaela Reilly","Kaden18@gmail.com","Avis_Hand15","Corporate Response Administrator","1-663-386-2185 x684"
"fpv85","Lavada Rowe","America.Bauch24@yahoo.com","Rusty46","Principal Operations Liaison","918-424-7681 x925"
"x7i44","Johnnie Steuber","Lavon.Buckridge@gmail.com","Luna95","Forward Configuration Technician","313-544-5162 x141"
"yk02s","Chadd Borer","Andre23@gmail.com","Armand_Padberg","Human Mobility Developer","1-396-980-3852 x2016"
"uh8a0","Austin Gerlach","Ima.Schuster17@hotmail.com","Boris.Hessel","Regional Solutions Manager","(283) 377-0445 x398"
"0ruy0","Germaine Hansen","Elwyn_Heathcote78@gmail.com","Ruth56","Forward Research Engineer","419-829-5380 x57831"
"oge8y","Stewart Rolfson","Chelsea_Gulgowski98@hotmail.com","Jarrod26","Chief Research Designer","1-671-768-7149 x837"
"zvg0y","Sasha Erdman","Hosea_Doyle24@hotmail.com","Tressa.Ratke","Future Infrastructure Planner","(448) 927-3999 x9897"
"yhzp5","Kenton Borer","Rex35@yahoo.com","Lori_Hauck","Product Factors Administrator","(987) 526-9474"
"9dxhh","Clementina Hills","Josianne.McGlynn@hotmail.com","Donavon.Conroy","Future Creative Consultant","1-652-517-0312"
"oah2j","Herman Rempel","Eriberto21@hotmail.com","Eleanore_Heaney19","District Optimization Designer","798-379-0537"
"qeqet","Stephanie Kovacek","Mireya.Koepp@yahoo.com","Fleta.Schimmel6","Corporate Infrastructure Agent","997.576.2220"
"d02yw","Hillary Gislason","Darrel.Rolfson60@yahoo.com","Jovani_Trantow","Principal Branding Executive","1-273-566-1560 x974"
"gu622","Jeanette Stroman","Billie80@yahoo.com","Pasquale68","Direct Accountability Specialist","947-584-3955"
"o1qxm","Brenden Kessler","Ezekiel80@hotmail.com","Jody.Tromp67","Forward Assurance Agent","(571) 723-9377"
"hmbsy","Dane Jerde","Efrain.Swift@yahoo.com","Schuyler_Grady","Lead Integration Executive","690-972-7240 x369"
"iztf9","Lisandro Hagenes","Morton_Borer71@hotmail.com","Lia_Stehr","Central Functionality Coordinator","684-507-2101"
"6y9t2","Mollie Schiller","Mandy_Torp52@yahoo.com","Halie_Jones","International Accountability Manager","353-273-5331"
"zgloq","Michele Lebsack","Tina95@gmail.com","Rae_Paucek","Product Infrastructure Orchestrator","205-310-9456"
"26ds3","Anahi Parker","Mallory_Hartmann98@hotmail.com","Melody41","Legacy Metrics Producer","1-591-374-1874 x34490"
"9s6rq","Demond Braun","Jordi71@gmail.com","Herminio_Halvorson26","Regional Tactics Planner","1-345-992-4710 x426"
"143c8","Micheal Bergstrom","Jazmin_Kihn@yahoo.com","Jevon72","Future Quality Producer","1-345-518-0875 x7885"
"h9br4","Beatrice Mayer","Halle_Parisian@yahoo.com","Velva51","Regional Accountability Associate","1-899-243-4233 x2191"
"yb3cn","Chad McGlynn","Angelo_Torphy61@gmail.com","Gertrude_Schroeder2","Dynamic Mobility Associate","(473) 511-4386"
"sy51y","Jonatan Legros","Ashlee.Douglas@yahoo.com","Jerrod.Runte35","Senior Directives Architect","1-560-898-9895 x96894"
"zxilj","Verna Ward","Cindy10@yahoo.com","Maryjane.Aufderhar99","District Branding Manager","625-874-1998"
"d8nff","Mustafa Tremblay","Destinee.Hills@yahoo.com","Leta.Schultz","Dynamic Marketing Agent","614.813.9539"
"3kyqi","Freida Gerhold","Ethel_Streich@yahoo.com","Charlene_Bradtke","Future Group Executive","(841) 668-7890"
"kga4w","Marques Russel","Camila10@hotmail.com","Hugh_Kozey","Global Creative Supervisor","345-795-3457 x62261"
"mtjek","Reese Lynch","Ernestine_Goldner@gmail.com","Jaylen72","Central Solutions Developer","434-274-8622"
"bfxer","Arnulfo Lynch","Lloyd78@hotmail.com","Nicolas_Hackett41","Global Assurance Orchestrator","950.388.3209"
"r3d7r","Florian Ratke","Jody.Feeney14@gmail.com","Sadie24","Lead Data Administrator","644-701-8384"
"giod2","Kaleb Marvin","Zoe_Jacobs21@gmail.com","Russell68","Direct Directives Officer","658-761-1774 x63652"
"5585c","Assunta Moore","Zackery57@gmail.com","Rosalyn87","Regional Applications Producer","1-658-899-4968"
"32zo6","Jena Frami","Heather98@yahoo.com","Angela.Yost98","Corporate Metrics Facilitator","(456) 304-9397 x22125"
"bot6t","Gabe Wilkinson","Ray27@gmail.com","Ayla_Howe","Corporate Program Designer","(782) 262-6244 x68633"
"a5to0","Paris Feeney","Greta_Bernier@hotmail.com","Karen_Hartmann48","Future Usability Designer","(662) 900-6769 x3191"
"8th9n","Neva Roberts","Esteban.Altenwerth21@gmail.com","Jeanette_Heidenreich0","Dynamic Operations Assistant","311-647-3497"
"vusle","Kim Nitzsche","Gladyce.Ratke@yahoo.com","Antwan1","Product Paradigm Engineer","(796) 319-0215 x161"
"t3vu0","Crystel Murray","Reina_Cassin@hotmail.com","Salma.Rowe18","Human Infrastructure Facilitator","903-530-4182 x902"
"5d0sv","Jeremie Bode","Moses43@hotmail.com","Ibrahim_Upton63","Regional Division Strategist","(470) 558-5963 x9304"
"c37tm","Claudine Baumbach","April9@hotmail.com","Marcia27","Dynamic Assurance Orchestrator","1-353-383-2112 x592"
"ok7o1","Vernice Langosh","Alyson.Nienow@yahoo.com","Yadira.Raynor85","Forward Operations Analyst","1-503-531-8603 x412"
"fpgjj","Lilly Douglas","Osborne.Jacobs8@gmail.com","Abagail_Wisozk","Chief Web Developer","1-915-792-6738 x056"
"7g5gq","Greg Rippin","Chanel_Cronin@gmail.com","Camylle.Connelly","Forward Program Coordinator","1-823-205-5894 x79512"
"94f0w","Janae Sporer","Bernice31@gmail.com","Cyrus13","International Usability Architect","1-574-726-6376"
"amd0r","Grover Reichel","Maybell29@gmail.com","Thad.Willms30","Central Implementation Executive","1-921-384-7841"
"j6280","Trey Morissette","Clarissa.Kuphal@gmail.com","Alison_Thiel82","Corporate Accountability Manager","(715) 379-2738 x02254"
"z22h7","Nella Koss","Hosea35@gmail.com","Francesca_Flatley92","National Accounts Agent","(504) 772-1640"
"9cjt2","Obie Bergnaum","Jennie.Leuschke34@gmail.com","Giovanny.Haag42","Dynamic Accounts Producer","634-879-6538 x28208"
"aggbf","Donnell Paucek","Vicente_Schmitt@hotmail.com","Brian.Purdy","Principal Applications Associate","1-596-874-5384 x280"
"2l9j8","Carmella Wintheiser","Charlie1@gmail.com","Earline.Moore","Dynamic Interactions Architect","926.204.3598 x119"
"ninqh","Glenda Carroll","Kennedi_Mohr@gmail.com","Giovanny_Runte","Forward Directives Representative","(813) 837-8837"
"6bqgk","Floy Deckow","Stuart_Kub70@hotmail.com","Jadon68","Corporate Assurance Director","736-355-8348 x422"
"rjvar","Dariana Bashirian","Cecilia_Kessler@yahoo.com","Christine90","Product Interactions Developer","(778) 818-9962"
"odm2g","Albertha Turner","Megane_Schaefer@hotmail.com","Rhoda_Turcotte","Regional Branding Officer","769.538.5040 x55065"
"tg21d","Tamara Rodriguez","Levi_Cormier@yahoo.com","Vernie.Ledner93","Future Paradigm Associate","629-386-0219 x84746"
"bnamp","Maxie Klein","Alivia.Bins@hotmail.com","Damien_Kling","Regional Metrics Director","1-287-215-3729 x8064"
"ksuo7","Shany Hodkiewicz","Marjolaine36@yahoo.com","Lafayette_Bosco30","Senior Infrastructure Planner","1-681-688-6823 x29917"
"3gczt","Wanda McDermott","Gillian_Macejkovic91@gmail.com","Andrew.Donnelly19","Principal Applications Associate","1-447-665-9015"
"clr4j","Paxton Roberts","Virginie56@gmail.com","Heber10","Legacy Factors Liaison","751.581.2384 x7696"
"k3mj3","Tod Schaefer","Jermain_Senger45@yahoo.com","Kayleigh.Terry54","Legacy Interactions Strategist","1-558-899-6313 x86699"
"deem9","Novella Schneider","Pierce.Considine4@gmail.com","Mylene.Grady3","Future Research Strategist","1-472-309-7797 x23648"
"b4zos","Lucienne Hermiston","Maxime.Adams@hotmail.com","Norval.Greenholt85","Lead Solutions Engineer","(317) 965-9472"
"27o1k","Lyda McLaughlin","Ava6@hotmail.com","Marcel14","National Quality Producer","882-829-8701 x05981"
"vxs7i","Adela Mayert","Waino.Gerhold@hotmail.com","Dana.Mann","Legacy Tactics Assistant","403-651-6187"
"xn8p5","Elroy Hahn","Garrett.Parker36@gmail.com","Kaylah.Mitchell18","Human Branding Supervisor","1-311-642-8642 x25080"
"g55iu","Hertha D'Amore","Gladyce36@yahoo.com","Darien.Green41","Product Functionality Strategist","790-795-9111 x823"
"hvddk","Kimberly Zulauf","Ambrose.Walter85@yahoo.com","Tess.Auer32","Human Metrics Producer","950-571-6557 x4802"
"8t12c","Reese Mayer","Melyna_Leannon@yahoo.com","Evalyn_Crooks33","National Research Developer","1-423-698-3641 x4478"
"vzlpe","Maximilian Wunsch","Carmella.Romaguera78@gmail.com","Damaris0","Human Functionality Assistant","(638) 559-2303 x900"
"3luoh","Sadye Weissnat","Arnulfo22@yahoo.com","Alvena.Huel","Product Tactics Architect","1-793-743-8724 x440"
"8ba62","Marietta D'Amore","Mavis.Pouros@gmail.com","Cassidy.Wuckert71","Legacy Applications Agent","293-236-4521 x33350"
"rqhbw","Muriel Jakubowski","Shanie40@hotmail.com","Abbigail55","Central Implementation Agent","466.546.0596 x238"
"g2jpt","Misty Lehner","Aimee_Kub@yahoo.com","Liam.Fadel17","Dynamic Response Orchestrator","703.547.8304 x9087"
"30w37","Marjory Hirthe","Maxwell_Braun25@yahoo.com","Bart_Johnston82","Future Program Executive","1-857-836-0987"
"8yru1","Lourdes Dickinson","Kiera_Kertzmann@hotmail.com","Victoria.Brakus86","Chief Assurance Architect","719-559-3363"
"bzxlj","Monserrate Kshlerin","Candelario_Schaefer92@gmail.com","Abbey_Leffler39","Investor Optimization Director","953.356.0080 x333"
"7umhf","Pearlie Stoltenberg","Mae.Lueilwitz61@yahoo.com","Maggie_Kshlerin","District Data Producer","(863) 711-2240 x80319"
"1kjkx","Ova Kuphal","Kennith88@yahoo.com","Troy.Goodwin1","Global Intranet Associate","(247) 298-3507 x19099"